Type,NumberOfHouseholdsDistrict1,NumberOfHouseholdsWithDependantDistrict1,1PersonDistrict1,2PersonDistrict1,3PersonDistrict1,NumberOfHouseholdsDistrict2,NumberOfHouseholdsWithDependantDistrict2,1PersonDistrict2,2PersonDistrict2,3PersonDistrict2,NumberOfHouseholdsDistrict3,NumberOfHouseholdsWithDependantDistrict3,1PersonDistrict3,2PersonDistrict3,3PersonDistrict3,NumberOfHouseholdsDistrict4,NumberOfHouseholdsWithDependantDistrict4,1PersonDistrict4,2PersonDistrict4,3PersonDistrict4,NumberOfHouseholdsDistrict5,NumberOfHouseholdsWithDependantDistrict5,1PersonDistrict5,2PersonDistrict5,3PersonDistrict5,NumberOfHouseholdsDistrict6,NumberOfHouseholdsWithDependantDistrict6,1PersonDistrict6,2PersonDistrict6,3PersonDistrict6,NumberOfHouseholdsDistrict7,NumberOfHouseholdsWithDependantDistrict7,1PersonDistrict7,2PersonDistrict7,3PersonDistrict7,NumberOfHouseholdsDistrict8,NumberOfHouseholdsWithDependantDistrict8,1PersonDistrict8,2PersonDistrict8,3PersonDistrict8,NumberOfHouseholdsDistrict9,NumberOfHouseholdsWithDependantDistrict9,1PersonDistrict9,2PersonDistrict9,3PersonDistrict9,NumberOfHouseholdsDistrict10,NumberOfHouseholdsWithDependantDistrict10,1PersonDistrict10,2PersonDistrict10,3PersonDistrict10,NumberOfHouseholdsDistrict11,NumberOfHouseholdsWithDependantDistrict11,1PersonDistrict11,2PersonDistrict11,3PersonDistrict11,NumberOfHouseholdsDistrict12,NumberOfHouseholdsWithDependantDistrict12,1PersonDistrict12,2PersonDistrict12,3PersonDistrict12,NumberOfHouseholdsDistrict13,NumberOfHouseholdsWithDependantDistrict13,1PersonDistrict13,2PersonDistrict13,3PersonDistrict13,NumberOfHouseholdsDistrict14,NumberOfHouseholdsWithDependantDistrict14,1PersonDistrict14,2PersonDistrict14,3PersonDistrict14,NumberOfHouseholdsDistrict15,NumberOfHouseholdsWithDependantDistrict15,1PersonDistrict15,2PersonDistrict15,3PersonDistrict15,NumberOfHouseholdsDistrict16,NumberOfHouseholdsWithDependantDistrict16,1PersonDistrict16,2PersonDistrict16,3PersonDistrict16,NumberOfHouseholdsDistrict17,NumberOfHouseholdsWithDependantDistrict17,1PersonDistrict17,2PersonDistrict17,3PersonDistrict17,NumberOfHouseholdsDistrict18,NumberOfHouseholdsWithDependantDistrict18,1PersonDistrict18,2PersonDistrict18,3PersonDistrict18,NumberOfHouseholdsDistrict19,NumberOfHouseholdsWithDependantDistrict19,1PersonDistrict19,2PersonDistrict19,3PersonDistrict19,NumberOfHouseholdsDistrict20,NumberOfHouseholdsWithDependantDistrict20,1PersonDistrict20,2PersonDistrict20,3PersonDistrict20,NumberOfHouseholdsDistrict21,NumberOfHouseholdsWithDependantDistrict21,1PersonDistrict21,2PersonDistrict21,3PersonDistrict21,NumberOfHouseholdsDistrict22,NumberOfHouseholdsWithDependantDistrict22,1PersonDistrict22,2PersonDistrict22,3PersonDistrict22,NumberOfHouseholdsDistrict23,NumberOfHouseholdsWithDependantDistrict23,1PersonDistrict23,2PersonDistrict23,3PersonDistrict23,NumberOfHouseholdsDistrict24,NumberOfHouseholdsWithDependantDistrict24,1PersonDistrict24,2PersonDistrict24,3PersonDistrict24,NumberOfHouseholdsDistrict25,NumberOfHouseholdsWithDependantDistrict25,1PersonDistrict25,2PersonDistrict25,3PersonDistrict25,NumberOfHouseholdsDistrict26,NumberOfHouseholdsWithDependantDistrict26,1PersonDistrict26,2PersonDistrict26,3PersonDistrict26,NumberOfHouseholdsDistrict27,NumberOfHouseholdsWithDependantDistrict27,1PersonDistrict27,2PersonDistrict27,3PersonDistrict27,NumberOfHouseholdsDistrict28,NumberOfHouseholdsWithDependantDistrict28,1PersonDistrict28,2PersonDistrict28,3PersonDistrict28,NumberOfHouseholdsDistrict29,NumberOfHouseholdsWithDependantDistrict29,1PersonDistrict29,2PersonDistrict29,3PersonDistrict29,NumberOfHouseholdsDistrict30,NumberOfHouseholdsWithDependantDistrict30,1PersonDistrict30,2PersonDistrict30,3PersonDistrict30,NumberOfHouseholdsDistrict31,NumberOfHouseholdsWithDependantDistrict31,1PersonDistrict31,2PersonDistrict31,3PersonDistrict31,NumberOfHouseholdsDistrict32,NumberOfHouseholdsWithDependantDistrict32,1PersonDistrict32,2PersonDistrict32,3PersonDistrict32,NumberOfHouseholdsDistrict33,NumberOfHouseholdsWithDependantDistrict33,1PersonDistrict33,2PersonDistrict33,3PersonDistrict33,NumberOfHouseholdsDistrict34,NumberOfHouseholdsWithDependantDistrict34,1PersonDistrict34,2PersonDistrict34,3PersonDistrict34,NumberOfHouseholdsDistrict35,NumberOfHouseholdsWithDependantDistrict35,1PersonDistrict35,2PersonDistrict35,3PersonDistrict35,NumberOfHouseholdsDistrict36,NumberOfHouseholdsWithDependantDistrict36,1PersonDistrict36,2PersonDistrict36,3PersonDistrict36,NumberOfHouseholdsDistrict37,NumberOfHouseholdsWithDependantDistrict37,1PersonDistrict37,2PersonDistrict37,3PersonDistrict37,NumberOfHouseholdsDistrict38,NumberOfHouseholdsWithDependantDistrict38,1PersonDistrict38,2PersonDistrict38,3PersonDistrict38,NumberOfHouseholdsDistrict39,NumberOfHouseholdsWithDependantDistrict39,1PersonDistrict39,2PersonDistrict39,3PersonDistrict39,NumberOfHouseholdsDistrict40,NumberOfHouseholdsWithDependantDistrict40,1PersonDistrict40,2PersonDistrict40,3PersonDistrict40,NumberOfHouseholdsDistrict41,NumberOfHouseholdsWithDependantDistrict41,1PersonDistrict41,2PersonDistrict41,3PersonDistrict41,NumberOfHouseholdsDistrict42,NumberOfHouseholdsWithDependantDistrict42,1PersonDistrict42,2PersonDistrict42,3PersonDistrict42,NumberOfHouseholdsDistrict43,NumberOfHouseholdsWithDependantDistrict43,1PersonDistrict43,2PersonDistrict43,3PersonDistrict43,NumberOfHouseholdsDistrict44,NumberOfHouseholdsWithDependantDistrict44,1PersonDistrict44,2PersonDistrict44,3PersonDistrict44,NumberOfHouseholdsDistrict45,NumberOfHouseholdsWithDependantDistrict45,1PersonDistrict45,2PersonDistrict45,3PersonDistrict45,NumberOfHouseholdsDistrict46,NumberOfHouseholdsWithDependantDistrict46,1PersonDistrict46,2PersonDistrict46,3PersonDistrict46,NumberOfHouseholdsDistrict47,NumberOfHouseholdsWithDependantDistrict47,1PersonDistrict47,2PersonDistrict47,3PersonDistrict47,NumberOfHouseholdsDistrict48,NumberOfHouseholdsWithDependantDistrict48,1PersonDistrict48,2PersonDistrict48,3PersonDistrict48,NumberOfHouseholdsDistrict49,NumberOfHouseholdsWithDependantDistrict49,1PersonDistrict49,2PersonDistrict49,3PersonDistrict49,NumberOfHouseholdsDistrict50,NumberOfHouseholdsWithDependantDistrict50,1PersonDistrict50,2PersonDistrict50,3PersonDistrict50,NumberOfHouseholdsDistrict51,NumberOfHouseholdsWithDependantDistrict51,1PersonDistrict51,2PersonDistrict51,3PersonDistrict51,NumberOfHouseholdsDistrict52,NumberOfHouseholdsWithDependantDistrict52,1PersonDistrict52,2PersonDistrict52,3PersonDistrict52,NumberOfHouseholdsDistrict53,NumberOfHouseholdsWithDependantDistrict53,1PersonDistrict53,2PersonDistrict53,3PersonDistrict53,NumberOfHouseholdsDistrict54,NumberOfHouseholdsWithDependantDistrict54,1PersonDistrict54,2PersonDistrict54,3PersonDistrict54,NumberOfHouseholdsDistrict55,NumberOfHouseholdsWithDependantDistrict55,1PersonDistrict55,2PersonDistrict55,3PersonDistrict55,NumberOfHouseholdsDistrict56,NumberOfHouseholdsWithDependantDistrict56,1PersonDistrict56,2PersonDistrict56,3PersonDistrict56,NumberOfHouseholdsDistrict57,NumberOfHouseholdsWithDependantDistrict57,1PersonDistrict57,2PersonDistrict57,3PersonDistrict57,NumberOfHouseholdsDistrict58,NumberOfHouseholdsWithDependantDistrict58,1PersonDistrict58,2PersonDistrict58,3PersonDistrict58,NumberOfHouseholdsDistrict59,NumberOfHouseholdsWithDependantDistrict59,1PersonDistrict59,2PersonDistrict59,3PersonDistrict59,NumberOfHouseholdsDistrict60,NumberOfHouseholdsWithDependantDistrict60,1PersonDistrict60,2PersonDistrict60,3PersonDistrict60,NumberOfHouseholdsDistrict61,NumberOfHouseholdsWithDependantDistrict61,1PersonDistrict61,2PersonDistrict61,3PersonDistrict61,NumberOfHouseholdsDistrict62,NumberOfHouseholdsWithDependantDistrict62,1PersonDistrict62,2PersonDistrict62,3PersonDistrict62,NumberOfHouseholdsDistrict63,NumberOfHouseholdsWithDependantDistrict63,1PersonDistrict63,2PersonDistrict63,3PersonDistrict63,NumberOfHouseholdsDistrict64,NumberOfHouseholdsWithDependantDistrict64,1PersonDistrict64,2PersonDistrict64,3PersonDistrict64,NumberOfHouseholdsDistrict65,NumberOfHouseholdsWithDependantDistrict65,1PersonDistrict65,2PersonDistrict65,3PersonDistrict65,NumberOfHouseholdsDistrict66,NumberOfHouseholdsWithDependantDistrict66,1PersonDistrict66,2PersonDistrict66,3PersonDistrict66,NumberOfHouseholdsDistrict67,NumberOfHouseholdsWithDependantDistrict67,1PersonDistrict67,2PersonDistrict67,3PersonDistrict67,NumberOfHouseholdsDistrict68,NumberOfHouseholdsWithDependantDistrict68,1PersonDistrict68,2PersonDistrict68,3PersonDistrict68,NumberOfHouseholdsDistrict69,NumberOfHouseholdsWithDependantDistrict69,1PersonDistrict69,2PersonDistrict69,3PersonDistrict69,NumberOfHouseholdsDistrict70,NumberOfHouseholdsWithDependantDistrict70,1PersonDistrict70,2PersonDistrict70,3PersonDistrict70,NumberOfHouseholdsDistrict71,NumberOfHouseholdsWithDependantDistrict71,1PersonDistrict71,2PersonDistrict71,3PersonDistrict71,NumberOfHouseholdsDistrict72,NumberOfHouseholdsWithDependantDistrict72,1PersonDistrict72,2PersonDistrict72,3PersonDistrict72,NumberOfHouseholdsDistrict73,NumberOfHouseholdsWithDependantDistrict73,1PersonDistrict73,2PersonDistrict73,3PersonDistrict73,NumberOfHouseholdsDistrict74,NumberOfHouseholdsWithDependantDistrict74,1PersonDistrict74,2PersonDistrict74,3PersonDistrict74,NumberOfHouseholdsDistrict75,NumberOfHouseholdsWithDependantDistrict75,1PersonDistrict75,2PersonDistrict75,3PersonDistrict75,NumberOfHouseholdsDistrict76,NumberOfHouseholdsWithDependantDistrict76,1PersonDistrict76,2PersonDistrict76,3PersonDistrict76,NumberOfHouseholdsDistrict77,NumberOfHouseholdsWithDependantDistrict77,1PersonDistrict77,2PersonDistrict77,3PersonDistrict77,NumberOfHouseholdsDistrict78,NumberOfHouseholdsWithDependantDistrict78,1PersonDistrict78,2PersonDistrict78,3PersonDistrict78,NumberOfHouseholdsDistrict79,NumberOfHouseholdsWithDependantDistrict79,1PersonDistrict79,2PersonDistrict79,3PersonDistrict79,NumberOfHouseholdsDistrict80,NumberOfHouseholdsWithDependantDistrict80,1PersonDistrict80,2PersonDistrict80,3PersonDistrict80,NumberOfHouseholdsDistrict81,NumberOfHouseholdsWithDependantDistrict81,1PersonDistrict81,2PersonDistrict81,3PersonDistrict81,NumberOfHouseholdsDistrict82,NumberOfHouseholdsWithDependantDistrict82,1PersonDistrict82,2PersonDistrict82,3PersonDistrict82,NumberOfHouseholdsDistrict83,NumberOfHouseholdsWithDependantDistrict83,1PersonDistrict83,2PersonDistrict83,3PersonDistrict83,NumberOfHouseholdsDistrict84,NumberOfHouseholdsWithDependantDistrict84,1PersonDistrict84,2PersonDistrict84,3PersonDistrict84,NumberOfHouseholdsDistrict85,NumberOfHouseholdsWithDependantDistrict85,1PersonDistrict85,2PersonDistrict85,3PersonDistrict85,NumberOfHouseholdsDistrict86,NumberOfHouseholdsWithDependantDistrict86,1PersonDistrict86,2PersonDistrict86,3PersonDistrict86,NumberOfHouseholdsDistrict87,NumberOfHouseholdsWithDependantDistrict87,1PersonDistrict87,2PersonDistrict87,3PersonDistrict87,NumberOfHouseholdsDistrict88,NumberOfHouseholdsWithDependantDistrict88,1PersonDistrict88,2PersonDistrict88,3PersonDistrict88,NumberOfHouseholdsDistrict89,NumberOfHouseholdsWithDependantDistrict89,1PersonDistrict89,2PersonDistrict89,3PersonDistrict89,NumberOfHouseholdsDistrict90,NumberOfHouseholdsWithDependantDistrict90,1PersonDistrict90,2PersonDistrict90,3PersonDistrict90,NumberOfHouseholdsDistrict91,NumberOfHouseholdsWithDependantDistrict91,1PersonDistrict91,2PersonDistrict91,3PersonDistrict91,NumberOfHouseholdsDistrict92,NumberOfHouseholdsWithDependantDistrict92,1PersonDistrict92,2PersonDistrict92,3PersonDistrict92,NumberOfHouseholdsDistrict93,NumberOfHouseholdsWithDependantDistrict93,1PersonDistrict93,2PersonDistrict93,3PersonDistrict93,NumberOfHouseholdsDistrict94,NumberOfHouseholdsWithDependantDistrict94,1PersonDistrict94,2PersonDistrict94,3PersonDistrict94,NumberOfHouseholdsDistrict95,NumberOfHouseholdsWithDependantDistrict95,1PersonDistrict95,2PersonDistrict95,3PersonDistrict95,NumberOfHouseholdsDistrict96,NumberOfHouseholdsWithDependantDistrict96,1PersonDistrict96,2PersonDistrict96,3PersonDistrict96,NumberOfHouseholdsDistrict97,NumberOfHouseholdsWithDependantDistrict97,1PersonDistrict97,2PersonDistrict97,3PersonDistrict97,NumberOfHouseholdsDistrict98,NumberOfHouseholdsWithDependantDistrict98,1PersonDistrict98,2PersonDistrict98,3PersonDistrict98,NumberOfHouseholdsDistrict99,NumberOfHouseholdsWithDependantDistrict99,1PersonDistrict99,2PersonDistrict99,3PersonDistrict99,NumberOfHouseholdsDistrict100,NumberOfHouseholdsWithDependantDistrict100,1PersonDistrict100,2PersonDistrict100,3PersonDistrict100,NumberOfHouseholdsDistrict101,NumberOfHouseholdsWithDependantDistrict101,1PersonDistrict101,2PersonDistrict101,3PersonDistrict101,NumberOfHouseholdsDistrict102,NumberOfHouseholdsWithDependantDistrict102,1PersonDistrict102,2PersonDistrict102,3PersonDistrict102,NumberOfHouseholdsDistrict103,NumberOfHouseholdsWithDependantDistrict103,1PersonDistrict103,2PersonDistrict103,3PersonDistrict103,NumberOfHouseholdsDistrict104,NumberOfHouseholdsWithDependantDistrict104,1PersonDistrict104,2PersonDistrict104,3PersonDistrict104,NumberOfHouseholdsDistrict105,NumberOfHouseholdsWithDependantDistrict105,1PersonDistrict105,2PersonDistrict105,3PersonDistrict105,NumberOfHouseholdsDistrict106,NumberOfHouseholdsWithDependantDistrict106,1PersonDistrict106,2PersonDistrict106,3PersonDistrict106,NumberOfHouseholdsDistrict107,NumberOfHouseholdsWithDependantDistrict107,1PersonDistrict107,2PersonDistrict107,3PersonDistrict107
2People,12941,2041,1832,209,-,8799,1412,1353,59,-,15901,2300,2201,99,-,11629,1863,1795,68,-,10003,1836,1747,89,-,16325,2399,2309,90,-,9423,1714,1603,111,-,8557,1192,1147,45,-,7192,1165,1100,65,-,7978,1132,1066,66,-,16687,2913,2785,128,-,14548,3493,3341,152,-,12680,3132,3019,113,-,6406,1297,1225,72,-,13242,2343,2191,152,-,11818,2333,2222,111,-,7772,1302,1242,60,-,11055,1881,1796,85,-,9004,1588,1522,66,-,8627,1271,1224,47,-,7727,1332,1259,73,-,8526,1714,1654,60,-,11259,1454,1390,64,-,8974,1145,1069,76,-,7417,1472,1428,44,-,11268,2303,2208,95,-,6164,1059,1018,41,-,6028,999,950,49,-,7554,1212,1137,75,-,10098,1178,1124,54,-,7545,1467,1383,84,-,6235,1151,1115,36,-,9632,1596,1529,67,-,13277,2470,2370,100,-,5158,932,900,32,-,7367,988,930,58,-,11275,2653,2586,67,-,3049,502,482,20,-,6572,1301,1231,70,-,6747,1014,961,53,-,16036,2508,2405,103,-,4201,788,764,24,-,6900,1518,1459,59,-,10790,2039,1928,111,-,11610,1779,1726,53,-,7822,1446,1350,96,-,5673,1036,987,49,-,14034,2583,2453,130,-,11494,1988,1914,74,-,15958,3870,3732,138,-,11625,2159,2085,74,-,11575,2028,1961,67,-,9537,1472,1404,68,-,2736,449,433,16,-,25393,4222,4065,157,-,2758,435,418,17,-,15254,2262,2183,79,-,8468,1649,1529,120,-,16959,3639,3518,121,-,21815,5502,5259,243,-,4146,742,723,19,-,8333,1678,1603,75,-,11357,1742,1692,50,-,9297,1249,1211,38,-,7249,1368,1331,37,-,9899,1734,1642,92,-,8391,1251,1184,67,-,12908,2328,2240,88,-,16523,2856,2682,174,-,6815,1225,1175,50,-,9005,1363,1337,26,-,7674,1579,1417,162,-,11862,1942,1877,65,-,11038,2090,1989,101,-,14784,2578,2494,84,-,12261,2474,2381,93,-,6842,1286,1233,53,-,6211,878,852,26,-,10000,1858,1785,73,-,4617,860,816,44,-,8267,1473,1405,68,-,6746,1024,980,44,-,8403,1574,1533,41,-,8365,1333,1282,51,-,7396,1486,1419,67,-,9126,1375,1313,62,-,10158,1690,1586,104,-,18167,4098,3964,134,-,9217,1367,1318,49,-,8607,1539,1492,47,-,12342,1563,1518,45,-,3186,470,450,20,-,11240,1851,1746,105,-,4650,622,586,36,-,11906,1550,1494,56,-,21089,3065,2912,153,-,4979,891,861,30,-,4054,599,580,19,-,3396,575,563,12,-,6792,790,769,21,-,11605,1539,1486,53,-,13210,2307,2203,104,-,5946,1081,1029,52,-,6066,884,853,31,-,12004,1932,1862,70,-,7257,1279,1227,52,-,5929,1299,1228,71,-
2PeopleInactive,5453,,,,,1788,,,,,3572,,,,,2583,,,,,2799,,,,,3473,,,,,2975,,,,,1710,,,,,1882,,,,,2307,,,,,4296,,,,,3813,,,,,2793,,,,,1885,,,,,3424,,,,,3106,,,,,1613,,,,,2894,,,,,2163,,,,,2574,,,,,1813,,,,,2110,,,,,2658,,,,,2997,,,,,1542,,,,,2397,,,,,1509,,,,,1496,,,,,2160,,,,,2661,,,,,2021,,,,,1263,,,,,2343,,,,,2947,,,,,1124,,,,,3588,,,,,2400,,,,,738,,,,,1530,,,,,1947,,,,,3917,,,,,1021,,,,,1526,,,,,3466,,,,,2012,,,,,2497,,,,,1273,,,,,3749,,,,,2731,,,,,3557,,,,,2437,,,,,2477,,,,,2444,,,,,738,,,,,5493,,,,,560,,,,,3395,,,,,1744,,,,,3272,,,,,5285,,,,,628,,,,,1948,,,,,2509,,,,,2049,,,,,1451,,,,,2491,,,,,2165,,,,,2824,,,,,4170,,,,,1449,,,,,2230,,,,,2303,,,,,3020,,,,,2749,,,,,3850,,,,,2817,,,,,1737,,,,,1021,,,,,2094,,,,,1196,,,,,1847,,,,,1223,,,,,1922,,,,,1984,,,,,1808,,,,,2441,,,,,2489,,,,,3040,,,,,2172,,,,,1945,,,,,2758,,,,,634,,,,,2419,,,,,1000,,,,,5634,,,,,6987,,,,,990,,,,,904,,,,,693,,,,,1719,,,,,2671,,,,,2922,,,,,1645,,,,,1915,,,,,2802,,,,,1909,,,,,1362,,,,
2People1PeopleActive,4742,1425,1425,-,-,3240,1146,1146,-,-,6080,1775,1775,-,-,5081,1522,1522,-,-,4410,1487,1487,-,-,6615,1881,1881,-,-,3988,1317,1317,-,-,3498,929,929,-,-,2683,841,841,-,-,3004,892,892,-,-,7055,2292,2292,-,-,6168,2747,2747,-,-,5747,2572,2572,-,-,2586,1003,1003,-,-,5170,1859,1859,-,-,5284,1948,1948,-,-,3247,1051,1051,-,-,4667,1496,1496,-,-,4005,1281,1281,-,-,3331,983,983,-,-,3585,1051,1051,-,-,3878,1349,1349,-,-,4785,1105,1105,-,-,2750,813,813,-,-,3352,1191,1191,-,-,5355,1919,1919,-,-,2549,858,858,-,-,2415,815,815,-,-,3029,884,884,-,-,4587,851,851,-,-,3401,1175,1175,-,-,2630,939,939,-,-,4359,1310,1310,-,-,6234,1974,1974,-,-,2234,762,762,-,-,2332,712,712,-,-,5810,2374,2374,-,-,1464,399,399,-,-,2835,1028,1028,-,-,2716,786,786,-,-,6531,1788,1788,-,-,1849,671,671,-,-,3080,1265,1265,-,-,4282,1498,1498,-,-,4582,1539,1539,-,-,3046,1025,1025,-,-,2511,839,839,-,-,5798,2007,2007,-,-,5191,1605,1605,-,-,7615,3054,3054,-,-,5268,1773,1773,-,-,4814,1605,1605,-,-,4143,1186,1186,-,-,1034,376,376,-,-,10515,3572,3572,-,-,1057,331,331,-,-,6060,1835,1835,-,-,3704,1357,1357,-,-,7826,3060,3060,-,-,9814,4536,4536,-,-,1719,653,653,-,-,3746,1314,1314,-,-,5086,1422,1422,-,-,4369,1003,1003,-,-,3401,1166,1166,-,-,4270,1312,1312,-,-,3421,972,972,-,-,5610,1829,1829,-,-,7015,2140,2140,-,-,3235,980,980,-,-,4407,1205,1205,-,-,3049,1160,1160,-,-,5453,1543,1543,-,-,4573,1680,1680,-,-,6781,2018,2018,-,-,5353,1935,1935,-,-,3109,936,936,-,-,2463,716,716,-,-,4694,1484,1484,-,-,2136,641,641,-,-,3619,1194,1194,-,-,2682,829,829,-,-,3923,1298,1298,-,-,3737,1083,1083,-,-,3170,1175,1175,-,-,3788,986,986,-,-,4095,1242,1242,-,-,7579,3534,3534,-,-,3476,1103,1103,-,-,3922,1256,1256,-,-,6041,1188,1188,-,-,1403,379,379,-,-,4771,1481,1481,-,-,1883,497,497,-,-,3955,1235,1235,-,-,7551,2375,2375,-,-,2248,738,738,-,-,1636,495,495,-,-,1509,501,501,-,-,2896,650,650,-,-,4582,1220,1220,-,-,5808,1794,1794,-,-,2483,851,851,-,-,2490,730,730,-,-,5214,1543,1543,-,-,3183,1028,1028,-,-,2680,1043,1043,-,-
2People2PeopleActive,2746,-,-,-,-,3771,-,-,-,-,6249,-,-,-,-,3965,-,-,-,-,2794,-,-,-,-,6237,-,-,-,-,2460,-,-,-,-,3349,-,-,-,-,2627,-,-,-,-,2667,-,-,-,-,5336,-,-,-,-,4567,-,-,-,-,4140,-,-,-,-,1935,-,-,-,-,4648,-,-,-,-,3428,-,-,-,-,2912,-,-,-,-,3494,-,-,-,-,2836,-,-,-,-,2722,-,-,-,-,2329,-,-,-,-,2538,-,-,-,-,3816,-,-,-,-,3227,-,-,-,-,2523,-,-,-,-,3516,-,-,-,-,2106,-,-,-,-,2117,-,-,-,-,2365,-,-,-,-,2850,-,-,-,-,2123,-,-,-,-,2342,-,-,-,-,2930,-,-,-,-,4096,-,-,-,-,1800,-,-,-,-,1447,-,-,-,-,3065,-,-,-,-,847,-,-,-,-,2207,-,-,-,-,2084,-,-,-,-,5588,-,-,-,-,1331,-,-,-,-,2294,-,-,-,-,3042,-,-,-,-,5016,-,-,-,-,2279,-,-,-,-,1889,-,-,-,-,4487,-,-,-,-,3572,-,-,-,-,4786,-,-,-,-,3920,-,-,-,-,4284,-,-,-,-,2950,-,-,-,-,964,-,-,-,-,9385,-,-,-,-,1141,-,-,-,-,5799,-,-,-,-,3020,-,-,-,-,5861,-,-,-,-,6716,-,-,-,-,1799,-,-,-,-,2639,-,-,-,-,3762,-,-,-,-,2879,-,-,-,-,2397,-,-,-,-,3138,-,-,-,-,2805,-,-,-,-,4474,-,-,-,-,5338,-,-,-,-,2131,-,-,-,-,2368,-,-,-,-,2322,-,-,-,-,3389,-,-,-,-,3716,-,-,-,-,4153,-,-,-,-,4091,-,-,-,-,1996,-,-,-,-,2727,-,-,-,-,3212,-,-,-,-,1285,-,-,-,-,2801,-,-,-,-,2841,-,-,-,-,2558,-,-,-,-,2644,-,-,-,-,2418,-,-,-,-,2897,-,-,-,-,3574,-,-,-,-,7548,-,-,-,-,3569,-,-,-,-,2740,-,-,-,-,3543,-,-,-,-,1149,-,-,-,-,4050,-,-,-,-,1767,-,-,-,-,2317,-,-,-,-,6551,-,-,-,-,1741,-,-,-,-,1514,-,-,-,-,1194,-,-,-,-,2177,-,-,-,-,4352,-,-,-,-,4480,-,-,-,-,1818,-,-,-,-,1661,-,-,-,-,3988,-,-,-,-,2165,-,-,-,-,1887,-,-,-,-
3People,14576,4182,3387,764,31,6693,3229,2617,598,14,12813,4723,3884,800,39,8676,3739,3028,684,27,9839,4759,3903,838,18,16703,6153,5145,976,32,6898,3437,2784,634,19,7175,3170,2606,549,15,4927,1910,1524,371,15,7676,3485,2892,556,37,13173,6275,4960,1281,34,11533,6644,5247,1319,78,10157,5869,5065,761,43,6286,2532,1879,624,29,10809,5392,4185,1162,45,9472,4576,3494,1036,46,6227,2689,2141,522,26,9107,4521,3660,817,44,6434,3011,2359,626,26,5956,3040,2331,666,43,5857,2865,2283,547,35,8219,4150,3262,856,32,9089,3734,3068,644,22,7030,2403,1910,467,26,7086,3528,2818,684,26,8522,4376,3395,946,35,4386,2181,1678,491,12,5023,2272,1771,477,24,6342,2943,2350,564,29,7433,2084,1789,284,11,5391,2820,2200,590,30,5841,3180,2569,595,16,7248,3105,2514,563,28,12274,5643,4520,1079,44,5418,2466,1962,499,5,5998,2454,1925,514,15,6884,2865,2186,660,19,2291,929,768,155,6,7072,2651,2105,525,21,5364,2727,2079,634,14,14588,6465,5230,1185,50,3438,1720,1399,315,6,5108,2904,2227,652,25,10425,5431,4435,956,40,7619,3475,2862,596,17,7596,3993,3199,729,65,4621,2168,1725,430,13,10643,5843,4661,1142,40,11504,5315,4299,981,35,13743,7582,5827,1693,62,8606,4371,3457,888,26,9304,4297,3445,825,27,8105,3796,3041,725,30,2649,1469,1146,321,2,17620,7618,5948,1606,64,2370,1053,870,176,7,12632,5113,4114,960,39,6921,2868,2293,541,34,14695,7491,5968,1469,54,22491,11989,8916,2947,126,3601,1570,1299,269,2,6955,3463,2796,645,22,10115,3891,3354,518,19,8689,2901,2440,451,10,6003,2561,2112,429,20,7257,3182,2501,643,38,6115,2574,1990,546,38,10426,4738,3804,891,43,12073,5583,4438,1093,52,4842,2320,1820,476,24,7561,2845,2308,524,13,6545,3255,2412,786,57,10699,4782,3819,921,42,8543,4172,3178,961,33,15034,6474,5273,1148,53,10763,5394,4243,1103,48,6763,2847,2288,533,26,7531,2823,2364,450,9,8494,3482,2802,647,33,4128,1811,1443,352,16,9938,4551,3768,758,25,6473,2224,1833,379,12,7017,3280,2674,584,22,9403,3926,3255,649,22,6466,3396,2663,711,22,10120,3052,2450,580,22,23897,7082,5287,1752,43,10340,5031,4231,770,30,11594,3110,2562,528,20,9308,4316,3532,761,23,17531,3900,3273,616,11,2325,825,661,153,11,9971,4296,3450,815,31,3754,1555,1223,287,45,11795,6083,4949,1111,23,16059,5596,4385,1156,55,4399,1971,1602,347,22,3440,1583,1268,306,9,3101,1445,1210,230,5,4512,1802,1471,326,5,7929,2976,2403,552,21,10035,4664,3637,982,45,5239,2506,1975,514,17,5017,1912,1556,344,12,10197,4319,3497,794,28,5452,2626,2094,515,17,5232,3037,2264,727,46
3PeopleInactive,1646,,,,,292,,,,,897,,,,,486,,,,,935,,,,,560,,,,,894,,,,,333,,,,,289,,,,,480,,,,,1125,,,,,1356,,,,,661,,,,,417,,,,,973,,,,,890,,,,,418,,,,,570,,,,,415,,,,,641,,,,,357,,,,,526,,,,,474,,,,,1527,,,,,380,,,,,476,,,,,283,,,,,343,,,,,597,,,,,457,,,,,430,,,,,240,,,,,451,,,,,625,,,,,241,,,,,1552,,,,,338,,,,,172,,,,,367,,,,,374,,,,,1082,,,,,176,,,,,308,,,,,1179,,,,,353,,,,,791,,,,,253,,,,,684,,,,,611,,,,,839,,,,,411,,,,,411,,,,,493,,,,,100,,,,,1001,,,,,100,,,,,750,,,,,498,,,,,980,,,,,2114,,,,,180,,,,,666,,,,,802,,,,,829,,,,,396,,,,,645,,,,,626,,,,,737,,,,,767,,,,,312,,,,,532,,,,,691,,,,,739,,,,,656,,,,,1235,,,,,633,,,,,420,,,,,263,,,,,528,,,,,299,,,,,506,,,,,244,,,,,365,,,,,476,,,,,306,,,,,766,,,,,1110,,,,,575,,,,,419,,,,,509,,,,,816,,,,,149,,,,,486,,,,,284,,,,,625,,,,,2410,,,,,222,,,,,160,,,,,136,,,,,196,,,,,538,,,,,557,,,,,492,,,,,528,,,,,542,,,,,311,,,,,336,,,,
3People1PeopleActive,3419,1826,1164,662,-,2084,1297,757,540,-,3768,2112,1404,708,-,2825,1596,989,607,-,3078,1857,1108,749,-,3574,2117,1243,874,-,2208,1468,927,541,-,2098,1211,723,488,-,1332,754,431,323,-,1860,1086,578,508,-,4071,2646,1509,1137,-,3512,2499,1335,1164,-,2802,1754,1091,663,-,1594,1077,507,570,-,3121,2079,1033,1046,-,3004,1902,943,959,-,1714,1064,614,450,-,2978,1778,1042,736,-,2091,1282,703,579,-,1912,1278,707,571,-,2069,1236,760,476,-,2798,1754,1010,744,-,2790,1519,950,569,-,1597,1010,618,392,-,2210,1437,836,601,-,2923,1942,1090,852,-,1498,928,481,447,-,1536,905,474,431,-,1868,1126,633,493,-,2732,1087,847,240,-,1868,1214,671,543,-,1757,1144,603,541,-,2529,1382,876,506,-,4265,2528,1575,953,-,1660,983,526,457,-,1710,1033,591,442,-,2432,1325,717,608,-,774,400,264,136,-,1858,1088,633,455,-,1773,1177,591,586,-,4296,2647,1600,1047,-,1136,704,422,282,-,1691,1203,601,602,-,2970,1958,1131,827,-,2372,1435,891,544,-,2170,1418,796,622,-,1447,898,517,381,-,3738,2466,1448,1018,-,3991,2312,1447,865,-,4660,3261,1820,1441,-,2793,1808,986,822,-,2838,1778,1043,735,-,2564,1499,856,643,-,897,598,294,304,-,5746,3274,1833,1441,-,690,433,265,168,-,3289,2131,1280,851,-,2161,1216,720,496,-,4575,3134,1822,1312,-,6988,5152,2540,2612,-,829,529,284,245,-,2243,1426,849,577,-,3113,1491,1045,446,-,2757,1288,894,394,-,1825,1042,660,382,-,2444,1405,853,552,-,2018,1161,687,474,-,3156,1969,1196,773,-,3963,2281,1330,951,-,1656,1066,644,422,-,2715,1348,869,479,-,2153,1363,650,713,-,3734,2147,1341,806,-,2654,1714,838,876,-,4988,2771,1752,1019,-,3525,2204,1209,995,-,2297,1238,777,461,-,1810,1007,610,397,-,2769,1575,1013,562,-,1443,827,532,295,-,3018,1782,1123,659,-,1478,814,492,322,-,2418,1450,929,521,-,3100,1649,1067,582,-,2051,1364,714,650,-,2680,1379,890,489,-,4438,2798,1157,1641,-,2881,1825,1142,683,-,2253,1302,830,472,-,3057,1781,1105,676,-,5507,1953,1399,554,-,743,391,259,132,-,3050,1683,940,743,-,1125,611,348,263,-,4216,2506,1469,1037,-,4392,2533,1535,998,-,1348,781,458,323,-,1024,597,323,274,-,955,583,378,205,-,1491,727,431,296,-,2320,1270,779,491,-,3255,1962,1089,873,-,1651,1039,575,464,-,1478,760,453,307,-,3277,1821,1134,687,-,1803,1010,557,453,-,1742,1254,601,653,-
3People2PeopleActive,4545,2021,2021,-,-,3274,1756,1756,-,-,5098,2223,2223,-,-,3685,1898,1898,-,-,4267,2611,2611,-,-,6954,3695,3695,-,-,2807,1694,1694,-,-,3258,1767,1767,-,-,2161,989,989,-,-,3506,2210,2210,-,-,5487,3238,3238,-,-,5153,3661,3661,-,-,5457,3829,3829,-,-,2368,1285,1285,-,-,4659,2971,2971,-,-,3961,2394,2394,-,-,2657,1425,1425,-,-,4144,2438,2438,-,-,2822,1564,1564,-,-,2514,1505,1505,-,-,2571,1410,1410,-,-,3624,2075,2075,-,-,4032,1975,1975,-,-,2039,1138,1138,-,-,3242,1852,1852,-,-,3767,2153,2153,-,-,1881,1135,1135,-,-,2129,1219,1219,-,-,2855,1588,1588,-,-,3212,795,795,-,-,2307,1440,1440,-,-,2872,1858,1858,-,-,2906,1524,1524,-,-,5189,2729,2729,-,-,2472,1372,1372,-,-,2032,1195,1195,-,-,2688,1387,1387,-,-,936,448,448,-,-,2866,1352,1352,-,-,2380,1391,1391,-,-,6261,3336,3336,-,-,1540,918,918,-,-,2325,1546,1546,-,-,4740,3120,3120,-,-,3382,1882,1882,-,-,3398,2181,2181,-,-,2082,1136,1136,-,-,4686,2976,2976,-,-,4959,2632,2632,-,-,5960,3684,3684,-,-,3945,2309,2309,-,-,3917,2267,2267,-,-,3700,2062,2062,-,-,1204,825,825,-,-,7451,3845,3845,-,-,1033,570,570,-,-,5340,2682,2682,-,-,2933,1503,1503,-,-,6315,3907,3907,-,-,9499,6038,6038,-,-,1590,990,990,-,-,2985,1790,1790,-,-,4568,2136,2136,-,-,3599,1422,1422,-,-,2547,1393,1393,-,-,2983,1475,1475,-,-,2449,1184,1184,-,-,4501,2405,2405,-,-,5205,2852,2852,-,-,2013,1099,1099,-,-,3079,1371,1371,-,-,2680,1632,1632,-,-,4444,2268,2268,-,-,3634,2189,2189,-,-,6344,3196,3196,-,-,4624,2783,2783,-,-,3030,1359,1359,-,-,3406,1668,1668,-,-,3567,1639,1639,-,-,1807,813,813,-,-,4500,2454,2454,-,-,2737,1267,1267,-,-,3038,1619,1619,-,-,4201,2055,2055,-,-,2973,1845,1845,-,-,3527,1398,1398,-,-,8083,3898,3898,-,-,4859,2914,2914,-,-,2919,1610,1610,-,-,4149,2254,2254,-,-,7151,1623,1623,-,-,995,368,368,-,-,4472,2375,2375,-,-,1648,823,823,-,-,5467,3337,3337,-,-,5636,2561,2561,-,-,1988,1071,1071,-,-,1549,901,901,-,-,1397,792,792,-,-,1969,971,971,-,-,3511,1502,1502,-,-,4393,2370,2370,-,-,2330,1318,1318,-,-,1981,1038,1038,-,-,4518,2226,2226,-,-,2423,1434,1434,-,-,2392,1569,1569,-,-
3People3PeopleActive,4966,-,-,-,-,1043,-,-,-,-,3050,-,-,-,-,1680,-,-,-,-,1559,-,-,-,-,5615,-,-,-,-,989,-,-,-,-,1486,-,-,-,-,1145,-,-,-,-,1830,-,-,-,-,2490,-,-,-,-,1512,-,-,-,-,1237,-,-,-,-,1907,-,-,-,-,2056,-,-,-,-,1617,-,-,-,-,1438,-,-,-,-,1415,-,-,-,-,1106,-,-,-,-,889,-,-,-,-,860,-,-,-,-,1271,-,-,-,-,1793,-,-,-,-,1867,-,-,-,-,1254,-,-,-,-,1356,-,-,-,-,724,-,-,-,-,1015,-,-,-,-,1022,-,-,-,-,1032,-,-,-,-,786,-,-,-,-,972,-,-,-,-,1362,-,-,-,-,2195,-,-,-,-,1045,-,-,-,-,704,-,-,-,-,1426,-,-,-,-,409,-,-,-,-,1981,-,-,-,-,837,-,-,-,-,2949,-,-,-,-,586,-,-,-,-,784,-,-,-,-,1536,-,-,-,-,1512,-,-,-,-,1237,-,-,-,-,839,-,-,-,-,1535,-,-,-,-,1943,-,-,-,-,2284,-,-,-,-,1457,-,-,-,-,2138,-,-,-,-,1348,-,-,-,-,448,-,-,-,-,3422,-,-,-,-,547,-,-,-,-,3253,-,-,-,-,1329,-,-,-,-,2825,-,-,-,-,3890,-,-,-,-,1002,-,-,-,-,1061,-,-,-,-,1632,-,-,-,-,1504,-,-,-,-,1235,-,-,-,-,1185,-,-,-,-,1022,-,-,-,-,2032,-,-,-,-,2138,-,-,-,-,861,-,-,-,-,1235,-,-,-,-,1021,-,-,-,-,1782,-,-,-,-,1599,-,-,-,-,2467,-,-,-,-,1981,-,-,-,-,1016,-,-,-,-,2052,-,-,-,-,1630,-,-,-,-,579,-,-,-,-,1914,-,-,-,-,2014,-,-,-,-,1196,-,-,-,-,1626,-,-,-,-,1136,-,-,-,-,3147,-,-,-,-,10266,-,-,-,-,2025,-,-,-,-,6003,-,-,-,-,1593,-,-,-,-,4057,-,-,-,-,438,-,-,-,-,1963,-,-,-,-,697,-,-,-,-,1487,-,-,-,-,3621,-,-,-,-,841,-,-,-,-,707,-,-,-,-,613,-,-,-,-,856,-,-,-,-,1560,-,-,-,-,1830,-,-,-,-,766,-,-,-,-,1030,-,-,-,-,1860,-,-,-,-,915,-,-,-,-,762,-,-,-,-
4People,5564,3132,1765,1103,264,4317,2729,1389,1064,276,6098,3803,2134,1341,328,5005,2901,1562,1070,269,5580,3582,1955,1346,281,6562,4079,2096,1575,408,4364,2863,1404,1183,276,5033,2942,1492,1175,275,3101,1534,848,547,139,4921,3132,1204,1650,278,8098,5324,2827,1996,501,6511,4599,2110,1947,542,5410,3555,1879,1291,385,3399,1940,887,786,267,6964,4660,2094,2011,555,5709,3762,1749,1463,550,3841,2215,1160,821,234,6485,4119,2265,1492,362,3754,2439,1216,934,289,3573,2488,1155,1012,321,3490,2282,1265,853,164,5825,3914,2126,1426,362,6033,3410,1892,1223,295,4761,2219,1191,838,190,5200,3444,1814,1294,336,5147,3438,1684,1359,395,2159,1452,715,567,170,2937,1676,881,665,130,4540,2747,1283,1178,286,4226,1639,1179,375,85,2875,1935,844,867,224,2957,2072,1031,830,211,4391,2730,1505,1002,223,8623,5255,2892,1923,440,3709,2331,1279,851,201,3808,2281,1221,813,247,3551,2055,1120,770,165,1376,834,483,296,55,2786,1805,978,659,168,2849,1952,919,771,262,10511,6255,3366,2290,599,2268,1462,717,620,125,2806,2002,924,839,239,7856,5091,2292,2336,463,4267,2722,1431,1100,191,6000,4162,1788,1977,397,3209,1977,1030,752,195,6768,4954,2498,1952,504,9049,5638,3124,2053,461,10166,6959,3272,2768,919,5424,3669,1763,1510,396,5716,3763,1984,1393,386,6115,3836,1879,1597,360,1454,987,389,443,155,10915,6682,3599,2444,639,1644,1025,567,382,76,8659,4451,2501,1577,373,5044,2649,1440,1006,203,9225,6267,3084,2587,596,16010,10926,5128,4428,1370,2249,1345,743,529,73,4589,2874,1574,1029,271,5860,2990,1899,957,134,6728,3090,1992,911,187,4523,2414,1443,823,148,4949,2882,1598,1030,254,3597,2231,1146,812,273,6938,4270,2393,1473,404,7356,4707,2340,1799,568,2993,1963,1062,708,193,4958,2520,1440,901,179,4106,2765,1116,1174,475,7415,4841,2695,1655,491,5415,3476,1588,1480,408,11099,6623,3769,2300,554,8262,5340,2706,2138,496,5476,2711,1546,941,224,6555,3168,1982,1008,178,5362,3034,1821,1006,207,2718,1607,925,533,149,8543,4977,2999,1691,287,4640,2137,1289,692,156,4329,2810,1553,1054,203,7648,4316,2530,1509,277,4770,2873,1370,1215,288,7520,2853,1635,986,232,6119,3672,2145,1261,266,5032,3275,1789,1204,282,4541,2651,1538,871,242,8066,5069,2967,1792,310,6530,2514,1771,623,120,1478,752,460,221,71,6075,3603,1897,1371,335,2425,1448,776,554,118,4606,3084,1612,1188,284,7199,4391,2355,1569,467,2849,1672,938,594,140,2445,1497,758,618,121,1988,1239,709,454,76,2973,1662,883,644,135,3864,2187,1174,754,259,6778,4232,2214,1610,408,3294,2092,1103,780,209,3559,1695,955,621,119,7030,4082,2257,1513,312,3996,2889,1112,1562,215,3149,2429,956,1042,431
4PeopleInactive,562,,,,,107,,,,,318,,,,,149,,,,,433,,,,,172,,,,,450,,,,,128,,,,,106,,,,,151,,,,,455,,,,,553,,,,,238,,,,,176,,,,,418,,,,,469,,,,,164,,,,,240,,,,,172,,,,,186,,,,,104,,,,,172,,,,,152,,,,,856,,,,,159,,,,,144,,,,,113,,,,,206,,,,,296,,,,,148,,,,,194,,,,,80,,,,,138,,,,,206,,,,,91,,,,,685,,,,,167,,,,,79,,,,,100,,,,,182,,,,,740,,,,,56,,,,,82,,,,,587,,,,,131,,,,,225,,,,,114,,,,,203,,,,,242,,,,,422,,,,,141,,,,,116,,,,,152,,,,,31,,,,,282,,,,,36,,,,,229,,,,,309,,,,,503,,,,,973,,,,,85,,,,,447,,,,,305,,,,,544,,,,,294,,,,,203,,,,,228,,,,,254,,,,,343,,,,,101,,,,,260,,,,,248,,,,,311,,,,,440,,,,,630,,,,,199,,,,,144,,,,,126,,,,,269,,,,,126,,,,,180,,,,,94,,,,,93,,,,,268,,,,,108,,,,,357,,,,,235,,,,,192,,,,,169,,,,,184,,,,,277,,,,,46,,,,,231,,,,,99,,,,,178,,,,,989,,,,,55,,,,,53,,,,,71,,,,,66,,,,,245,,,,,191,,,,,211,,,,,220,,,,,183,,,,,98,,,,,111,,,,
4People1PeopleActive,1114,970,381,357,232,930,781,285,253,243,1364,1201,495,421,285,1028,846,310,288,248,1127,988,371,377,240,1278,1105,316,432,357,945,827,260,325,242,887,748,234,273,241,477,392,149,126,117,705,626,183,196,247,1763,1562,532,578,452,1416,1330,394,481,455,1189,1003,327,328,348,647,600,162,197,241,1378,1259,369,375,515,1232,1152,302,339,511,668,602,185,205,212,1382,1138,423,390,325,815,738,223,257,258,899,807,220,298,289,768,646,268,234,144,1310,1124,425,382,317,1187,966,348,352,266,765,669,248,260,161,1112,951,327,331,293,1193,1042,297,372,373,478,431,141,136,154,563,465,173,172,120,895,729,247,235,247,1168,724,527,122,75,636,570,165,208,197,681,600,200,202,198,916,797,310,284,203,1770,1493,575,541,377,692,586,205,201,180,827,725,264,242,219,626,552,225,180,147,273,218,95,79,44,556,489,168,183,138,643,590,159,189,242,1968,1723,615,588,520,443,375,109,149,117,675,610,153,231,226,1389,1220,365,445,410,803,683,249,266,168,1136,1018,331,331,356,613,526,169,181,176,1582,1447,473,538,436,1898,1656,644,603,409,2292,2052,544,795,713,1149,1021,304,358,359,1142,1030,334,345,351,1236,1023,332,359,332,370,324,76,101,147,2195,1855,651,636,568,316,273,98,107,68,1293,1129,383,411,335,826,612,250,194,168,1849,1685,516,631,538,3360,3070,813,1028,1229,321,283,94,122,67,1017,834,296,295,243,960,732,364,249,119,1328,909,458,290,161,770,592,263,203,126,1049,869,336,301,232,850,734,245,256,233,1415,1192,404,431,357,1651,1411,456,474,481,654,586,204,213,169,934,730,321,253,156,1031,904,191,278,435,1628,1449,566,455,428,1015,937,254,315,368,2334,1986,821,681,484,1572,1373,451,471,451,1072,805,340,271,194,863,651,270,223,158,1130,891,370,341,180,599,470,194,158,118,1376,1201,510,446,245,603,473,173,158,142,870,745,275,287,183,1405,1096,474,376,246,885,790,231,302,257,1259,894,366,325,203,1197,1037,419,391,227,1062,944,322,372,250,839,722,266,233,223,1505,1243,512,452,279,1494,807,491,214,102,284,217,93,62,62,1158,929,314,319,296,425,344,120,120,104,1071,903,303,342,258,1571,1393,492,491,410,525,422,153,143,126,417,340,119,113,108,395,321,124,130,67,472,374,134,117,123,824,695,246,215,234,1374,1176,395,419,362,666,576,188,195,193,584,457,186,160,111,1452,1181,473,433,275,713,610,208,212,190,827,775,169,217,389
4People2PeopleActive,2077,1484,789,695,-,2003,1397,608,789,-,2394,1767,928,839,-,2063,1431,684,747,-,2342,1818,885,933,-,2585,2015,925,1090,-,1730,1396,608,788,-,2145,1554,681,873,-,1138,776,381,395,-,2231,1922,508,1414,-,3178,2513,1152,1361,-,2624,2234,834,1400,-,2283,1732,814,918,-,1106,892,334,558,-,2849,2353,765,1588,-,2228,1825,732,1093,-,1404,1055,468,587,-,2777,2068,1019,1049,-,1577,1196,542,654,-,1462,1174,501,673,-,1519,1153,566,587,-,2523,1927,917,1010,-,2396,1699,857,842,-,1316,1054,515,539,-,2192,1683,760,923,-,2246,1726,770,956,-,936,737,321,416,-,1165,839,368,471,-,2006,1480,573,907,-,1954,659,429,230,-,1213,1003,366,637,-,1334,1063,461,602,-,1783,1310,623,687,-,3550,2601,1273,1328,-,1600,1200,576,624,-,1336,1065,546,519,-,1387,1015,448,567,-,542,399,200,199,-,1079,869,406,463,-,1225,1002,442,560,-,4002,3041,1424,1617,-,998,773,322,451,-,1183,986,395,591,-,3607,2870,1040,1830,-,1801,1428,623,805,-,2828,2335,739,1596,-,1326,1005,458,547,-,3020,2461,1108,1353,-,3787,2771,1379,1392,-,4069,3301,1439,1862,-,2376,1871,764,1107,-,2222,1790,779,1011,-,2704,2055,846,1209,-,617,493,163,330,-,4559,3250,1516,1734,-,668,505,244,261,-,2916,2182,1063,1119,-,2050,1403,618,785,-,3839,3211,1320,1891,-,6434,5335,2056,3279,-,823,668,267,401,-,1737,1375,677,698,-,2534,1560,878,682,-,2558,1450,866,584,-,1740,1198,605,593,-,2013,1396,715,681,-,1353,1011,493,518,-,2620,1998,1014,984,-,3055,2307,1054,1253,-,1200,918,444,474,-,2030,1296,673,623,-,1696,1339,482,857,-,2984,2280,1158,1122,-,2213,1808,683,1125,-,4425,3133,1603,1530,-,3484,2784,1176,1608,-,2372,1290,657,633,-,2296,1550,801,749,-,2048,1421,790,631,-,1154,753,417,336,-,3393,2477,1278,1199,-,1531,994,480,514,-,1822,1427,685,742,-,3272,2220,1138,1082,-,1896,1512,624,888,-,2200,1354,735,619,-,2173,1705,894,811,-,1998,1595,802,793,-,1587,1164,549,615,-,3570,2654,1368,1286,-,2703,1131,760,371,-,600,355,203,152,-,2547,1838,842,996,-,1044,789,375,414,-,1952,1536,721,815,-,2702,2112,1104,1008,-,1190,870,436,434,-,1056,816,326,490,-,802,608,308,300,-,1327,914,415,499,-,1523,1054,547,507,-,2846,2117,988,1129,-,1387,1082,520,562,-,1290,876,432,444,-,3066,2086,1061,1025,-,2145,1835,519,1316,-,1397,1179,390,789,-
4People3PeopleActive,1144,556,556,-,-,860,475,475,-,-,1324,669,669,-,-,1196,549,549,-,-,1250,649,649,-,-,1635,807,807,-,-,907,500,500,-,-,1197,546,546,-,-,829,294,294,-,-,1049,497,497,-,-,1879,1085,1085,-,-,1350,854,854,-,-,1266,706,706,-,-,719,372,372,-,-,1542,931,931,-,-,1221,688,688,-,-,1001,484,484,-,-,1572,791,791,-,-,845,423,423,-,-,734,407,407,-,-,821,411,411,-,-,1346,743,743,-,-,1539,646,646,-,-,913,384,384,-,-,1218,694,694,-,-,1121,585,585,-,-,448,244,244,-,-,656,323,323,-,-,924,430,430,-,-,673,180,180,-,-,528,292,292,-,-,640,351,351,-,-,1031,553,553,-,-,2031,999,999,-,-,963,485,485,-,-,668,381,381,-,-,844,433,433,-,-,336,169,169,-,-,638,378,378,-,-,577,304,304,-,-,2537,1275,1275,-,-,537,273,273,-,-,584,357,357,-,-,1583,833,833,-,-,1017,545,545,-,-,1190,682,682,-,-,787,385,385,-,-,1478,866,866,-,-,2151,1051,1051,-,-,2199,1249,1249,-,-,1207,662,662,-,-,1399,843,843,-,-,1392,671,671,-,-,284,144,144,-,-,2685,1370,1370,-,-,389,220,220,-,-,2546,1020,1020,-,-,1197,537,537,-,-,2036,1217,1217,-,-,3571,2181,2181,-,-,635,378,378,-,-,999,570,570,-,-,1471,617,617,-,-,1666,612,612,-,-,1193,550,550,-,-,1158,515,515,-,-,792,371,371,-,-,1797,934,934,-,-,1549,760,760,-,-,697,400,400,-,-,1142,427,427,-,-,793,421,421,-,-,1840,927,927,-,-,1133,630,630,-,-,2570,1268,1268,-,-,1842,1036,1036,-,-,1322,513,513,-,-,2101,877,877,-,-,1344,610,610,-,-,651,283,283,-,-,2436,1172,1172,-,-,1432,617,617,-,-,1096,573,573,-,-,1949,873,873,-,-,959,488,488,-,-,1790,491,491,-,-,1535,792,792,-,-,1188,644,644,-,-,1181,698,698,-,-,2044,1036,1036,-,-,1454,461,461,-,-,427,154,154,-,-,1475,693,693,-,-,577,264,264,-,-,1046,565,565,-,-,1331,697,697,-,-,743,340,340,-,-,606,299,299,-,-,491,258,258,-,-,781,320,320,-,-,854,360,360,-,-,1645,786,786,-,-,773,379,379,-,-,881,323,323,-,-,1621,697,697,-,-,752,364,364,-,-,590,377,377,-,-
4People4PeopleActive,667,-,-,-,-,417,-,-,-,-,698,-,-,-,-,569,-,-,-,-,428,-,-,-,-,892,-,-,-,-,332,-,-,-,-,676,-,-,-,-,551,-,-,-,-,785,-,-,-,-,823,-,-,-,-,568,-,-,-,-,434,-,-,-,-,751,-,-,-,-,777,-,-,-,-,559,-,-,-,-,604,-,-,-,-,514,-,-,-,-,345,-,-,-,-,292,-,-,-,-,278,-,-,-,-,474,-,-,-,-,759,-,-,-,-,911,-,-,-,-,519,-,-,-,-,443,-,-,-,-,184,-,-,-,-,347,-,-,-,-,419,-,-,-,-,283,-,-,-,-,304,-,-,-,-,222,-,-,-,-,523,-,-,-,-,1066,-,-,-,-,363,-,-,-,-,292,-,-,-,-,527,-,-,-,-,146,-,-,-,-,413,-,-,-,-,222,-,-,-,-,1264,-,-,-,-,234,-,-,-,-,282,-,-,-,-,690,-,-,-,-,515,-,-,-,-,621,-,-,-,-,369,-,-,-,-,485,-,-,-,-,971,-,-,-,-,1184,-,-,-,-,551,-,-,-,-,837,-,-,-,-,631,-,-,-,-,152,-,-,-,-,1194,-,-,-,-,235,-,-,-,-,1675,-,-,-,-,662,-,-,-,-,998,-,-,-,-,1672,-,-,-,-,385,-,-,-,-,389,-,-,-,-,590,-,-,-,-,632,-,-,-,-,526,-,-,-,-,526,-,-,-,-,374,-,-,-,-,852,-,-,-,-,758,-,-,-,-,341,-,-,-,-,592,-,-,-,-,338,-,-,-,-,652,-,-,-,-,614,-,-,-,-,1140,-,-,-,-,1165,-,-,-,-,566,-,-,-,-,1169,-,-,-,-,571,-,-,-,-,188,-,-,-,-,1158,-,-,-,-,980,-,-,-,-,448,-,-,-,-,754,-,-,-,-,922,-,-,-,-,1914,-,-,-,-,979,-,-,-,-,592,-,-,-,-,765,-,-,-,-,763,-,-,-,-,602,-,-,-,-,121,-,-,-,-,664,-,-,-,-,280,-,-,-,-,359,-,-,-,-,606,-,-,-,-,336,-,-,-,-,313,-,-,-,-,229,-,-,-,-,327,-,-,-,-,418,-,-,-,-,722,-,-,-,-,257,-,-,-,-,584,-,-,-,-,708,-,-,-,-,288,-,-,-,-,224,-,-,-,-
5People,2963,2041,787,755,499,2163,1635,617,610,408,3357,2634,981,1019,634,2490,1820,707,594,519,2901,2141,817,845,479,3329,2572,989,930,653,2802,2167,724,758,685,3403,2427,944,874,609,2492,1121,476,389,256,2154,1644,633,570,441,4154,3245,1249,1145,851,4744,3088,949,1130,1009,3085,2215,861,768,586,1393,1064,333,414,317,3444,2793,948,976,869,4245,3077,1247,1015,815,2054,1468,639,500,329,4684,3525,1431,1223,871,2041,1582,564,549,469,1753,1414,459,482,473,2030,1533,641,546,346,4095,3240,1259,1219,762,3017,2151,903,757,491,3653,1722,691,634,397,2575,2072,779,770,523,3084,2396,885,829,682,1203,915,338,358,219,1917,1234,482,446,306,3216,2202,861,808,533,1784,834,526,182,126,2024,1493,549,602,342,1676,1400,561,531,308,2572,1890,791,711,388,6571,4818,1964,1739,1115,3272,2459,1035,811,613,3624,1675,659,621,395,1733,1238,555,391,292,964,737,287,278,172,2058,1269,479,470,320,2765,1378,537,489,352,7411,5027,2038,1862,1127,1034,774,319,266,189,1476,1082,343,381,358,5150,3395,1223,1351,821,2005,1481,610,549,322,4121,2940,1099,1015,826,1980,1499,551,534,414,8767,7206,2528,2889,1789,8314,5492,2112,2009,1371,7068,4364,1474,1704,1186,4173,3025,1137,1057,831,3245,2511,926,878,707,4804,3439,1458,1121,860,752,610,235,204,171,5228,4090,1655,1451,984,1226,839,310,315,214,4666,3016,1277,1029,710,3461,1952,824,652,476,5466,4348,1566,1575,1207,9785,8108,2763,2881,2464,1406,1057,451,372,234,3649,2639,1098,951,590,2852,1833,919,627,287,4308,2527,1214,841,472,2604,1828,777,640,411,3770,2719,1079,903,737,3113,1901,681,600,620,4062,2867,1112,1020,735,4553,3006,1172,1011,823,2790,1752,607,642,503,2778,1775,687,641,447,2252,1536,508,465,563,5668,3844,1520,1373,951,2781,2016,713,723,580,7701,5807,2343,2101,1363,7468,5280,2067,1901,1312,4028,2364,1127,757,480,6585,4112,2026,1367,719,3084,2140,1017,722,401,1881,1369,523,490,356,7977,6151,2808,2162,1181,2954,1837,823,629,385,2469,1937,782,731,424,6179,4351,1906,1616,829,3178,2189,844,772,573,7959,2239,1053,774,412,3876,2962,1182,1107,673,2658,2083,828,763,492,5463,4045,1725,1835,485,5394,4091,1907,1502,682,4340,1720,1028,463,229,1043,664,316,215,133,3784,2687,1119,863,705,1335,967,383,341,243,2756,2023,774,728,521,3951,2878,1111,1028,739,2771,1956,756,725,475,2079,1418,630,451,337,1333,1067,438,399,230,2025,1311,557,438,316,2079,1401,581,467,353,4929,3668,1505,1152,1011,1968,1457,587,484,386,1910,1142,498,365,279,4252,2908,1270,1033,605,3667,2928,1148,1071,709,1970,1734,496,548,690
5PeopleNum,16403,11122,4082,4066,2974,11851,8933,3261,3330,2342,18364,14509,5190,5563,3756,13536,9896,3728,3234,2934,15624,11506,4305,4513,2688,18193,14140,5217,5046,3877,16082,12529,3940,4260,4329,19108,13585,5082,4832,3671,16485,6168,2521,2149,1498,11893,9084,3339,3119,2626,22899,17775,6587,6238,4950,29935,17037,5017,6156,5864,17762,12174,4574,4157,3443,7984,5725,1734,2211,1780,18763,15272,4992,5287,4993,23738,16841,6623,5547,4671,11307,8094,3403,2767,1924,26976,19924,7762,6851,5311,11418,8850,3036,2997,2817,9637,7849,2430,2637,2782,11187,8431,3427,2978,2026,22608,17834,6679,6639,4516,16555,11821,4803,4148,2870,22483,9829,3887,3530,2412,14068,11415,4145,4189,3081,17177,13342,4771,4601,3970,6537,4978,1797,1941,1240,10588,6913,2586,2491,1836,18020,12341,4629,4521,3191,9547,4465,2770,984,711,11148,8092,2895,3254,1943,9194,7700,2960,2921,1819,14523,10489,4216,3943,2330,37778,27472,10557,9839,7076,19831,14976,5895,4865,4216,24974,9233,3491,3398,2344,10224,6968,3022,2213,1733,5505,4268,1566,1584,1118,11694,7048,2576,2561,1911,16110,7664,2923,2701,2040,45678,28127,10952,10379,6796,5776,4270,1691,1470,1109,9377,5957,1809,2070,2078,30109,18586,6511,7345,4730,11370,8067,3211,2982,1874,23144,16220,5848,5531,4841,11020,8350,2940,2978,2432,52472,43533,14218,17241,12074,54985,31160,11391,11269,8500,37571,23760,7773,9126,6861,24313,17187,6208,5900,5079,18483,14320,5084,4960,4276,26999,19094,7714,6167,5213,4066,3318,1236,1111,971,28426,22405,8724,7910,5771,7012,4702,1648,1757,1297,25916,16741,6931,5643,4167,21288,11821,4675,3860,3286,30673,24264,8285,8705,7274,54743,45481,14680,16037,14764,8137,5927,2409,2084,1434,21099,15192,6176,5445,3571,15358,9969,4853,3417,1699,24224,14486,6722,4814,2950,14864,10482,4236,3619,2627,22031,16142,5980,5305,4857,19489,10974,3711,3322,3941,24464,15863,5921,5579,4363,27985,16580,6222,5506,4852,17887,9722,3229,3520,2973,16515,10165,3739,3640,2786,12588,8388,2712,2525,3151,35823,21422,8072,7589,5761,15022,10964,3726,3931,3307,42453,32142,12516,11601,8025,44024,30879,11518,10996,8365,22602,13313,6187,4218,2908,37811,23903,11281,7958,4664,17103,11980,5492,4006,2482,10733,7905,2872,2763,2270,45484,35349,15384,12373,7592,16786,10502,4476,3577,2449,13831,10663,4159,3992,2512,34926,24720,10385,9171,5164,17524,11965,4463,4213,3289,45030,12499,5726,4293,2480,21626,16557,6320,6153,4084,14541,11415,4403,4166,2846,29989,22505,8882,10606,3017,29766,22390,10124,8253,4013,26203,9517,5576,2549,1392,5780,3702,1706,1194,802,20937,14983,5993,4775,4215,7425,5391,2042,1876,1473,14801,10956,4036,3938,2982,21642,15754,5861,5561,4332,15943,11302,4165,4195,2942,12395,8227,3513,2617,2097,7684,6120,2342,2288,1490,11462,7481,3035,2466,1980,11496,7679,3071,2563,2045,27326,20478,8141,6340,5997,10985,8071,3139,2652,2280,10726,6401,2712,2000,1689,23217,15934,6750,5643,3541,20565,16470,6242,6009,4219,11032,9715,2645,3060,4010
5PeopleInactive,300,50,6,18,26,61,29,6,6,17,208,67,12,15,40,89,65,4,12,49,241,40,8,12,20,60,52,4,9,39,241,84,19,9,56,83,49,9,11,29,36,30,3,6,21,66,28,5,5,18,298,74,10,19,45,283,75,3,17,55,132,66,5,16,45,80,30,4,5,,199,62,8,14,40,284,43,4,9,30,79,26,4,6,16,206,60,12,13,35,72,42,7,12,23,72,47,2,8,37,31,21,4,8,9,81,64,6,14,44,45,37,4,10,23,570,79,20,24,35,50,42,5,7,30,79,44,7,12,25,60,16,0,5,11,199,23,5,3,15,184,41,9,11,21,42,26,13,7,,109,32,5,11,16,30,27,5,8,14,106,35,5,10,20,96,68,11,20,37,26,17,1,5,11,421,45,8,18,19,75,22,4,4,14,64,23,4,9,10,29,24,1,8,15,182,18,4,2,12,699,124,34,26,64,17,8,1,1,6,24,14,1,3,10,292,71,10,13,48,83,42,7,6,29,124,39,7,7,25,53,20,1,4,15,82,69,5,18,46,108,79,8,26,45,81,62,5,16,41,55,51,6,11,34,59,49,8,5,36,201,55,6,10,39,8,2,0,1,1,83,64,12,19,33,17,14,3,1,10,61,49,4,12,33,366,91,22,8,61,354,93,19,20,54,445,135,13,31,91,39,7,1,1,5,282,55,16,13,26,130,23,3,10,10,267,54,18,13,23,113,40,8,12,20,59,39,11,11,17,309,173,23,32,118,66,48,10,13,25,76,57,9,11,37,45,25,1,9,15,117,28,2,8,18,111,49,4,6,39,206,78,11,18,49,228,27,3,7,17,295,123,15,24,84,93,70,8,14,48,66,45,10,13,22,41,29,6,11,12,143,52,15,15,22,55,44,7,19,18,89,70,9,19,42,44,24,6,5,13,102,24,5,6,13,183,78,13,19,46,77,38,5,10,23,581,81,30,19,32,141,68,6,19,43,109,44,7,13,24,137,40,6,13,21,148,49,13,10,26,120,36,15,9,12,8,7,2,1,4,160,74,17,11,46,33,18,3,5,10,64,38,6,14,18,563,104,19,25,60,36,30,4,6,20,22,19,3,5,11,23,16,1,4,11,21,13,1,4,8,149,32,7,8,17,73,64,4,14,46,112,22,7,1,14,152,23,4,5,14,54,41,6,10,25,46,37,6,6,25,36,32,3,10,19
5People1PeopleActive,401,372,56,128,188,298,271,39,87,145,532,484,83,158,243,342,303,55,77,171,388,364,53,127,184,434,406,50,123,233,411,376,54,97,225,360,323,46,100,177,199,180,25,48,107,254,245,27,76,142,572,524,61,145,318,508,493,39,142,312,437,385,57,99,229,223,215,37,60,118,523,500,61,128,311,460,440,42,103,295,179,171,26,44,101,545,507,65,144,298,270,257,31,68,158,322,306,39,78,189,297,271,58,80,133,517,471,88,162,221,382,339,49,112,178,297,279,49,93,137,385,358,64,104,190,440,414,64,85,265,128,119,16,40,63,194,177,28,63,86,364,290,57,68,165,355,260,160,46,54,220,215,15,66,134,246,223,40,77,106,284,262,35,99,128,725,650,118,220,312,329,294,64,77,153,333,316,63,103,150,175,166,32,39,95,107,98,20,34,44,201,183,30,54,99,234,215,19,42,154,785,741,110,212,419,124,108,17,27,64,220,208,25,50,133,528,490,63,169,258,239,210,28,76,106,508,484,69,120,295,228,218,28,69,121,747,689,89,226,374,815,772,104,288,380,652,627,65,183,379,501,452,60,116,276,429,398,73,103,222,618,546,72,104,370,116,114,9,29,76,751,687,108,198,381,136,125,18,31,76,448,420,70,112,238,295,231,44,73,114,685,648,88,186,374,1319,1259,159,306,794,98,93,15,27,51,437,371,68,121,182,263,216,55,67,94,425,321,94,88,139,281,240,50,79,111,442,406,70,126,210,376,344,57,82,205,495,466,65,122,279,586,549,87,143,319,288,273,41,60,172,296,264,46,88,130,343,309,30,50,229,642,608,86,191,331,306,297,23,65,209,936,875,130,271,474,599,562,83,161,318,495,418,118,120,180,431,363,85,123,155,359,287,78,95,114,269,239,46,74,119,600,555,100,202,253,241,200,34,62,104,315,294,38,100,156,533,469,107,171,191,362,313,37,77,199,604,375,98,135,142,457,420,70,142,208,352,331,53,96,182,321,285,42,91,152,507,449,87,167,195,553,363,169,110,84,142,115,24,35,56,496,417,65,113,239,140,128,19,40,69,652,420,76,138,206,609,557,69,172,316,258,222,41,59,122,163,134,24,31,79,130,117,16,48,53,212,175,24,39,112,292,268,33,77,158,555,522,83,139,300,264,249,54,69,126,232,183,33,55,95,460,415,79,126,210,383,358,50,102,206,390,378,28,58,292
5People2PeopleActive,936,800,272,330,198,726,615,180,247,188,1054,956,281,443,232,806,662,194,245,223,922,812,225,379,208,992,851,248,350,253,818,728,198,289,241,977,837,253,310,274,430,359,109,152,98,583,549,131,227,191,1221,1103,311,460,332,1204,1150,233,445,472,911,775,241,316,218,406,374,80,162,132,1051,961,235,341,385,1159,1063,295,401,367,533,459,126,182,151,1299,1148,344,476,328,669,578,142,230,206,552,504,126,200,178,652,563,186,229,148,1360,1200,352,518,330,879,755,241,309,205,608,563,156,262,145,799,675,169,305,201,997,867,245,345,277,366,334,87,134,113,528,435,128,167,140,993,801,261,314,226,658,301,166,78,57,552,503,118,236,149,564,500,153,214,133,672,605,192,260,153,1896,1630,540,651,439,814,711,236,272,203,704,637,218,265,154,463,417,131,162,124,254,221,56,95,70,498,458,129,194,135,520,474,136,206,132,1769,1604,488,725,391,332,287,94,119,74,457,428,99,170,159,1568,1291,299,603,389,623,522,153,224,145,1161,1020,274,388,358,569,521,142,194,185,2399,2166,560,972,634,2108,1925,599,750,576,1877,1754,385,817,552,1175,1000,262,405,333,914,816,207,328,281,1234,1057,305,433,319,231,205,67,73,65,1617,1397,451,557,389,290,268,81,105,82,1048,932,253,385,294,747,588,191,218,179,1609,1497,389,589,519,2891,2672,584,1066,1022,368,327,100,118,109,1022,878,261,357,260,885,684,287,280,117,1157,796,309,307,180,689,551,176,218,157,1023,883,270,310,303,687,607,180,236,191,1025,928,249,406,273,1256,1111,336,447,328,603,554,129,230,195,819,673,220,263,190,621,545,131,182,232,1417,1302,418,524,360,763,708,162,283,263,2311,2010,649,813,548,1761,1599,445,648,506,1201,787,320,295,172,1282,1035,367,389,279,886,714,241,299,174,597,478,145,197,136,2087,1893,626,795,472,628,476,163,160,153,704,651,195,283,173,1707,1443,510,586,347,904,802,228,315,259,1175,718,264,305,149,1055,960,293,406,261,817,744,211,329,204,825,715,227,313,175,1613,1396,490,579,327,1175,608,342,188,78,292,219,80,84,55,1117,928,297,358,273,385,339,89,142,108,897,743,243,280,220,1159,1052,338,457,257,704,601,167,237,197,522,434,110,159,165,408,366,114,150,102,598,487,173,180,134,591,514,181,207,126,1458,1278,359,464,455,602,517,155,193,169,474,396,137,146,113,1313,1080,356,453,271,1162,1049,274,421,354,649,620,124,213,283
5People3PeopleActive,722,542,266,210,66,562,435,198,198,39,857,699,311,305,83,634,482,246,183,53,791,597,295,257,45,970,763,343,339,81,683,575,233,253,89,926,697,304,316,77,526,329,178,129,22,548,450,211,180,59,1084,913,434,377,102,952,825,326,380,119,772,610,287,257,66,310,266,94,140,32,877,737,289,357,91,1110,882,450,360,72,537,422,195,191,36,1193,952,427,403,122,547,432,193,184,55,419,338,146,145,47,556,415,198,182,35,1163,916,431,387,98,850,623,326,240,57,531,438,219,175,44,701,582,262,252,68,797,626,287,255,84,367,278,126,126,26,467,336,146,153,37,812,590,250,263,77,447,194,146,41,7,501,424,190,203,31,487,406,187,180,39,717,566,269,245,52,1762,1393,665,549,179,911,695,308,280,107,516,439,210,174,55,429,344,183,124,37,274,216,102,92,22,415,352,146,157,49,449,362,154,177,31,1865,1473,713,606,154,288,226,113,84,29,314,263,106,125,32,1227,908,420,403,85,508,426,213,183,30,1001,729,304,345,80,518,411,178,172,61,2341,1974,807,859,308,1854,1521,652,638,231,1430,1153,506,508,139,1083,820,363,350,107,868,710,278,314,118,1248,917,445,375,97,218,180,79,78,23,1538,1207,557,524,126,319,262,103,129,30,1091,867,393,372,102,792,562,283,217,62,1426,1232,493,570,169,2629,2327,924,1037,366,424,349,142,157,50,1010,782,385,309,88,837,559,311,199,49,1239,749,393,280,76,723,539,243,227,69,968,753,349,298,106,604,463,204,190,69,1011,839,389,340,110,998,798,407,298,93,645,527,199,233,95,660,466,222,177,67,523,387,174,165,48,1338,1120,533,449,138,677,554,222,263,69,2165,1693,794,723,176,1807,1527,659,631,237,1089,655,355,235,65,1827,1281,608,508,165,860,621,334,226,61,493,360,183,140,37,2310,1865,903,723,239,852,581,251,259,71,712,588,284,245,59,1793,1269,579,541,149,778,580,257,259,64,1345,625,346,223,56,1024,863,365,382,116,688,583,284,246,53,896,714,283,371,60,1649,1272,627,554,91,989,442,305,100,37,329,191,112,69,10,1015,724,366,272,86,367,266,132,100,34,657,520,241,227,52,959,762,404,285,73,815,598,254,259,85,518,385,195,148,42,379,313,148,129,36,554,342,166,145,31,516,350,184,132,34,1415,1071,527,402,142,507,396,191,150,55,471,303,142,121,40,1251,840,442,329,69,982,806,372,341,93,451,385,145,183,57
5People4PeopleActive,387,228,154,58,16,371,246,168,64,14,510,359,250,83,26,404,253,169,68,16,430,290,208,62,20,623,415,293,92,30,417,293,168,82,43,668,404,270,109,25,456,188,138,45,5,432,301,214,67,20,668,525,368,119,38,579,430,280,114,36,464,311,230,61,20,202,161,104,43,14,585,439,296,117,26,747,517,375,108,34,474,315,238,61,16,968,680,477,142,61,321,222,162,45,15,273,179,125,41,13,348,215,159,40,16,690,486,328,114,44,570,318,225,73,20,316,213,148,49,16,453,330,230,74,26,544,359,229,106,24,209,141,88,49,4,312,199,139,43,17,604,382,234,125,23,212,49,39,8,2,380,290,200,81,9,282,211,158,42,11,500,347,248,75,24,1234,792,475,225,92,660,466,294,94,78,274,196,134,52,10,310,211,157,39,15,175,131,79,35,17,258,192,132,45,15,368,260,196,48,16,1165,816,553,210,53,163,109,74,24,11,186,138,96,26,16,962,543,367,144,32,334,237,178,50,9,822,544,373,132,39,393,265,166,73,26,2079,1589,739,609,241,1245,890,574,228,88,2690,648,449,146,53,787,531,349,139,43,582,407,287,85,35,1116,756,545,184,27,127,93,67,22,4,921,622,458,121,43,182,140,91,40,9,937,565,412,118,35,550,317,199,81,37,931,704,492,152,60,1761,1367,896,339,132,301,220,153,57,10,601,424,283,119,22,525,295,225,59,11,866,473,322,114,37,519,334,236,76,22,749,461,304,102,55,392,234,163,46,25,670,456,316,106,34,623,401,278,92,31,422,308,195,98,15,455,242,144,69,29,335,196,138,48,10,824,576,387,148,41,502,375,265,91,19,1310,857,579,215,63,1422,1036,589,343,104,799,337,239,74,24,1753,1005,701,244,60,546,349,278,56,15,327,178,108,44,26,1847,1295,862,318,115,717,427,291,110,26,448,300,211,75,14,1290,833,539,237,57,609,371,257,100,14,1464,318,232,65,21,705,492,348,120,24,436,308,222,64,22,2413,2165,1102,1002,61,1091,761,582,151,28,585,230,169,48,13,196,114,84,23,7,714,449,316,91,42,266,177,113,48,16,371,256,180,59,17,507,349,252,75,22,631,389,222,129,38,506,361,247,90,24,277,199,135,48,16,427,227,152,54,21,351,200,153,35,12,940,563,412,108,43,304,222,146,59,17,326,187,150,26,11,798,423,317,91,15,796,552,351,181,20,313,251,158,63,30
5People5PeopleActive,217,49,33,11,5,145,39,26,8,5,196,69,44,15,10,215,55,39,9,7,129,38,28,8,2,250,85,51,17,17,232,111,52,28,31,389,117,62,28,27,845,35,23,9,3,271,71,45,15,11,311,106,65,25,16,1218,115,68,32,15,369,68,41,19,8,172,18,14,4,-,209,94,59,19,16,485,132,81,34,17,252,75,50,16,9,473,178,106,45,27,162,51,29,10,12,115,40,21,10,9,146,48,36,7,5,284,103,54,24,25,291,79,58,13,8,1331,150,99,31,20,187,85,49,28,8,227,86,53,26,7,73,27,21,4,2,217,64,36,17,11,259,98,50,27,21,70,4,2,2,-,262,29,21,5,3,67,33,18,10,5,293,75,42,22,11,858,285,155,74,56,532,276,132,83,61,1376,42,26,9,7,281,78,48,23,7,90,48,26,13,9,657,60,41,12,7,1012,49,28,14,7,1128,269,140,83,46,110,36,20,11,5,275,31,16,7,8,573,92,64,19,9,218,44,31,10,3,505,124,72,23,29,219,64,36,22,6,1119,719,328,205,186,2184,305,175,79,51,338,120,64,34,22,572,171,97,36,38,393,131,73,43,15,387,108,85,15,8,52,16,13,1,2,318,113,69,32,12,282,30,14,9,7,1081,183,145,30,8,711,163,85,55,23,461,174,85,58,31,740,348,187,102,59,176,61,40,12,9,297,129,85,32,12,212,56,38,12,6,354,134,78,39,17,279,124,64,28,32,529,177,75,56,46,745,80,54,14,12,795,130,83,33,14,1014,90,55,20,15,787,65,42,12,11,431,102,53,36,13,319,50,31,14,5,1241,160,85,43,32,305,55,38,14,3,684,249,176,55,18,1786,486,283,104,99,378,122,85,20,17,1251,399,259,92,48,290,117,71,31,15,140,70,34,16,20,1044,473,308,105,60,472,129,78,33,18,188,80,49,22,9,673,259,158,62,39,448,85,60,11,14,2790,122,83,27,12,494,159,100,38,21,256,73,51,15,7,871,126,65,45,16,386,164,108,41,15,918,41,28,8,5,76,18,14,3,1,282,95,58,18,19,144,39,27,6,6,115,46,28,10,8,154,54,29,14,11,327,116,68,35,13,348,85,51,18,16,116,56,24,20,12,213,67,41,16,10,180,37,23,8,6,488,170,120,25,25,179,51,34,12,5,255,50,32,12,6,376,109,70,24,15,298,126,95,20,11,131,68,38,21,9
